{
  "otstdx26s98qpuzstczp2h": {
    "thVolt": -19.40886699507389,
    "thRes": 3251.231527093596,
    "timestamp": "2020-06-01T17:26:50.437Z"
  }
}